subreddit,feature,cohesion_value,oddsratio,pvalue,number_of_turns
Agorism,pronoun,0.013698630136986245,1.1657442883496523,0.6783947934794435,292.0
Agorism,ppron,0.03424657534246578,1.2276803118908381,0.36250942076167736,292.0
Agorism,i,0.0410958904109589,1.1792235691268989,0.3620895243267557,292.0
Agorism,we,0.041095890410958916,1.5496470588235294,0.13900609485874965,292.0
Agorism,you,0.0273972602739726,1.1186991869918699,0.557906320353717,292.0
Agorism,shehe,0.0547945205479452,4.447970479704797,0.0019984664195303063,292.0
Agorism,they,0.0684931506849315,1.4765401876784985,0.06126212362289552,292.0
Agorism,ipron,0.03424657534246578,1.1806930693069306,0.4123545738712508,292.0
Agorism,article,0.010273972602739656,1.0536633178142611,0.8519627122257467,292.0
Agorism,prep,0.017123287671232834,1.1391536408692338,0.6482949854374641,292.0
Agorism,conj,0.017123287671232945,1.0881642512077294,0.7132115214754037,292.0
Agorism,negate,0.03767123287671231,1.1827284105131415,0.3826491547508843,292.0
Agorism,quant,0.0410958904109589,1.1821300483393107,0.35853989114475804,292.0
Agorism,discrep,0.0410958904109589,1.1837344659430549,0.3566047983580934,292.0
Agorism,tentat,0.010273972602739656,1.0423229297516667,0.8679923425529912,292.0
Agorism,certain,0.0410958904109589,1.1929940515532056,0.34576228155316513,292.0
Agorism,differ,0.047945205479452024,1.2170196952805648,0.2764435331972187,292.0
Agorism,Dic,0.0,1.0,1.0,292.0
alltheleft,pronoun,0.004273504273504258,1.050409306333477,1.0,234.0
alltheleft,ppron,0.008547008547008628,1.0546984572230014,0.9081984667664019,234.0
alltheleft,i,0.0,1.0,1.0,234.0
alltheleft,we,0.059829059829059825,1.672,0.07968717732766341,234.0
alltheleft,you,-0.01709401709401709,0.9280276816608997,0.7719745696060871,234.0
alltheleft,shehe,0.10256410256410256,3.1928934010152283,0.0004728783889961812,234.0
alltheleft,they,0.05982905982905984,1.455,0.13335977965959464,234.0
alltheleft,ipron,0.017094017094017144,1.076320939334638,0.7736776735397324,234.0
alltheleft,article,0.017094017094017144,1.085706437139456,0.7611040713332837,234.0
alltheleft,prep,0.017094017094017033,1.143977849561606,0.6976237821017535,234.0
alltheleft,conj,0.02564102564102566,1.1301566700658199,0.6138068454998238,234.0
alltheleft,negate,-0.01709401709401709,0.9287508563598995,0.77313161850209,234.0
alltheleft,quant,0.038461538461538436,1.181551724137931,0.4414055557570613,234.0
alltheleft,discrep,0.051282051282051266,1.2546938775510204,0.2851433518528655,234.0
alltheleft,tentat,0.012820512820512775,1.052671068427371,0.8532679370958829,234.0
alltheleft,certain,0.06837606837606836,1.3909366189829802,0.12819785507603781,234.0
alltheleft,differ,0.008547008547008517,1.0358455882352942,0.9252583075445462,234.0
alltheleft,Dic,0.0,nan,1.0,234.0
Anarchism,pronoun,0.005076142131979711,1.0514629049111808,1.0,197.0
Anarchism,ppron,0.005076142131979711,1.0289919058130979,1.0,197.0
Anarchism,i,0.050761421319796995,1.2379227053140096,0.3527873268676467,197.0
Anarchism,we,0.08121827411167513,1.8673637864611998,0.037346456355060106,197.0
Anarchism,you,0.03045685279187821,1.137955182072829,0.6039901386342301,197.0
Anarchism,shehe,0.015228426395939087,inf,0.2480916030533454,197.0
Anarchism,they,0.09137055837563451,1.9532258064516128,0.0213221387993794,197.0
Anarchism,ipron,0.025380710659898442,1.1369767765262133,0.6506065744755553,197.0
Anarchism,article,-0.005076142131979711,0.973017394877414,1.0,197.0
Anarchism,prep,0.0,1.0,1.0,197.0
Anarchism,conj,-0.010152284263959421,0.9448488241881299,0.9052614540102852,197.0
Anarchism,negate,0.07614213197969544,1.364275147928994,0.15462218590878518,197.0
Anarchism,quant,0.06091370558375636,1.276297335203366,0.26768584249866006,197.0
Anarchism,discrep,0.08629441624365486,1.4480267558528428,0.09541348350462922,197.0
Anarchism,tentat,0.050761421319796995,1.2272202998846597,0.3627251650645682,197.0
Anarchism,certain,0.07614213197969544,1.3682242990654205,0.15273116454673802,197.0
Anarchism,differ,0.040609137055837574,1.2212240314430096,0.43439046130617925,197.0
Anarchism,Dic,0.0,nan,1.0,197.0
AnarchistNews,pronoun,0.0,1.0,1.0,21.0
AnarchistNews,ppron,0.04761904761904756,1.2121212121212122,1.0,21.0
AnarchistNews,i,0.14285714285714285,1.9692307692307693,0.5054755778595277,21.0
AnarchistNews,we,0.047619047619047616,inf,1.0,21.0
AnarchistNews,you,0.14285714285714285,1.9692307692307693,0.5054755778595277,21.0
AnarchistNews,shehe,0.09523809523809523,inf,0.48780487804877964,21.0
AnarchistNews,they,0.047619047619047616,inf,1.0,21.0
AnarchistNews,ipron,-0.04761904761904767,0.631578947368421,1.0,21.0
AnarchistNews,article,-0.04761904761904767,0.8,1.0,21.0
AnarchistNews,prep,0.0,1.0,1.0,21.0
AnarchistNews,conj,0.0,1.0,1.0,21.0
AnarchistNews,negate,0.19047619047619047,2.4,0.3264236319121141,21.0
AnarchistNews,quant,0.09523809523809523,1.6,0.7337176188474397,21.0
AnarchistNews,discrep,0.09523809523809523,1.875,0.6965164038334768,21.0
AnarchistNews,tentat,0.0,1.0,1.0,21.0
AnarchistNews,certain,0.23809523809523808,2.909090909090909,0.19710833761676144,21.0
AnarchistNews,differ,0.0,1.0,1.0,21.0
AnarchistNews,Dic,0.0,nan,1.0,21.0
Anarcho_Capitalism,pronoun,0.0073710073710073765,1.0646031746031746,0.8382304850924347,407.0
Anarcho_Capitalism,ppron,0.009828009828009798,1.0502283105022832,0.8144025118457203,407.0
Anarcho_Capitalism,i,0.061425061425061406,1.3680593235666485,0.05770319133115266,407.0
Anarcho_Capitalism,we,0.07371007371007371,2.795060276389297,0.0001958968027539952,407.0
Anarcho_Capitalism,you,0.01719901719901723,1.0761785074467232,0.6639845193541036,407.0
Anarcho_Capitalism,shehe,0.0343980343980344,4.661953727506427,0.0038581807447787123,407.0
Anarcho_Capitalism,they,0.04422604422604423,1.3395754148512098,0.12607669461141063,407.0
Anarcho_Capitalism,ipron,0.027027027027027084,1.1249162946428573,0.46460546599328423,407.0
Anarcho_Capitalism,article,0.04176904176904184,1.1926815004594948,0.24954859252875305,407.0
Anarcho_Capitalism,prep,0.0073710073710073765,1.0540767970237832,0.8514357360063967,407.0
Anarcho_Capitalism,conj,0.009828009828009798,1.0426714195848186,0.8283758778359618,407.0
Anarcho_Capitalism,negate,0.058968058968058956,1.3307598537180008,0.07622471517276425,407.0
Anarcho_Capitalism,quant,0.07125307125307129,1.3622218812336966,0.0411017189944012,407.0
Anarcho_Capitalism,discrep,0.05159705159705158,1.270269415633696,0.13143145629035274,407.0
Anarcho_Capitalism,tentat,0.009828009828009854,1.0401261954056986,0.8333899095182724,407.0
Anarcho_Capitalism,certain,0.06633906633906636,1.4087561374795416,0.03858849289060019,407.0
Anarcho_Capitalism,differ,0.06633906633906639,1.304404432132964,0.06829864827636145,407.0
Anarcho_Capitalism,Dic,0.0,1.0,1.0,407.0
Anarchy101,pronoun,0.00591715976331364,1.1069620253164556,0.8736286417635235,338.0
Anarchy101,ppron,0.01183431952662728,1.096813462226996,0.7473136104982754,338.0
Anarchy101,i,0.07100591715976334,1.3294346978557505,0.07664869098127178,338.0
Anarchy101,we,0.04437869822485207,1.9234972677595628,0.040561270567995675,338.0
Anarchy101,you,0.03254437869822485,1.141767711431404,0.4376909884943113,338.0
Anarchy101,shehe,0.04437869822485207,3.2920433996383363,0.006859934674228223,338.0
Anarchy101,they,0.08284023668639054,1.6309333333333333,0.011870470289868856,338.0
Anarchy101,ipron,0.035502958579881616,1.2134736842105263,0.32365718238259356,338.0
Anarchy101,article,0.020710059171597628,1.1106434717545828,0.6035722754976265,338.0
Anarchy101,prep,0.017751479289940808,1.121146953405018,0.6256990570094105,338.0
Anarchy101,conj,0.020710059171597628,1.1188466947960618,0.5911787623456182,338.0
Anarchy101,negate,0.0562130177514793,1.2737425404944587,0.1511427128489844,338.0
Anarchy101,quant,0.032544378698224796,1.1390946502057613,0.44176194681205205,338.0
Anarchy101,discrep,0.07396449704142011,1.3458012768047143,0.06452604901146797,338.0
Anarchy101,tentat,0.038461538461538436,1.1696525096525097,0.3516722769719425,338.0
Anarchy101,certain,0.04733727810650884,1.2238688578879828,0.2335379682576106,338.0
Anarchy101,differ,0.017751479289940808,1.075036075036075,0.6978804390760924,338.0
Anarchy101,Dic,0.0,1.0,1.0,338.0
BullMooseParty,pronoun,-0.00877192982456132,0.946124763705104,1.0,114.0
BullMooseParty,ppron,0.0,1.0,1.0,114.0
BullMooseParty,i,-0.026315789473684292,0.9000584453535944,0.7911454682531042,114.0
BullMooseParty,we,-0.043859649122807015,0.7121212121212122,0.4628079385540136,114.0
BullMooseParty,you,0.02631578947368421,1.180952380952381,0.7395791989486324,114.0
BullMooseParty,shehe,0.05263157894736842,2.644230769230769,0.16593133736004373,114.0
BullMooseParty,they,0.02631578947368421,1.251840942562592,0.6996930580239664,114.0
BullMooseParty,ipron,0.0,1.0,1.0,114.0
BullMooseParty,article,0.07017543859649122,1.361904761904762,0.3313805588959928,114.0
BullMooseParty,prep,0.00877192982456132,1.0503978779840848,1.0,114.0
BullMooseParty,conj,0.01754385964912275,1.0821621621621622,0.8883362420959386,114.0
BullMooseParty,negate,0.10526315789473686,1.8042328042328042,0.08605634889389488,114.0
BullMooseParty,quant,0.008771929824561375,1.0417582417582418,1.0,114.0
BullMooseParty,discrep,0.03508771929824561,1.1611876988335101,0.6819867961238166,114.0
BullMooseParty,tentat,0.026315789473684237,1.1204225352112676,0.7831989173679079,114.0
BullMooseParty,certain,0.06140350877192979,1.3387096774193548,0.3871477538331511,114.0
BullMooseParty,differ,0.05263157894736842,1.2385769096616672,0.5046665342091805,114.0
BullMooseParty,Dic,0.0,nan,1.0,114.0
centrist,pronoun,0.0,1.0,1.0,23.0
centrist,ppron,0.0,1.0,1.0,23.0
centrist,i,0.08695652173913049,1.4259259259259258,0.766613296792729,23.0
centrist,we,0.08695652173913043,inf,0.4888888888888877,23.0
centrist,you,-0.08695652173913043,0.6617647058823529,0.7494473486532498,23.0
centrist,shehe,0.0,nan,1.0,23.0
centrist,they,0.043478260869565216,1.575,1.0,23.0
centrist,ipron,-0.0434782608695653,0.8357142857142857,1.0,23.0
centrist,article,0.0,1.0,1.0,23.0
centrist,prep,-0.08695652173913038,0.6617647058823529,0.7494473486532498,23.0
centrist,conj,0.0,1.0,1.0,23.0
centrist,negate,0.0,1.0,1.0,23.0
centrist,quant,0.0,1.0,1.0,23.0
centrist,discrep,0.0,1.0,1.0,23.0
centrist,tentat,-0.043478260869565244,0.8391608391608392,1.0,23.0
centrist,certain,-0.13043478260869565,0.34285714285714286,0.4140196634524488,23.0
centrist,differ,0.08695652173913043,1.4259259259259258,0.766613296792729,23.0
centrist,Dic,0.0,nan,1.0,23.0
christian_ancaps,pronoun,0.0060240963855421326,1.0474285714285714,1.0,166.0
christian_ancaps,ppron,0.0,1.0,1.0,166.0
christian_ancaps,i,0.03614457831325302,1.1710164835164836,0.5665256994876429,166.0
christian_ancaps,we,0.03614457831325301,2.5961538461538463,0.17025306530212808,166.0
christian_ancaps,you,0.024096385542168697,1.1244377811094453,0.7165983101309727,166.0
christian_ancaps,shehe,0.06626506024096385,2.389649923896499,0.05033663180108927,166.0
christian_ancaps,they,0.0,1.0,1.0,166.0
christian_ancaps,ipron,0.030120481927710774,1.1336984536082475,0.6542318801960791,166.0
christian_ancaps,article,0.04216867469879515,1.1932158297306286,0.5005548184790749,166.0
christian_ancaps,prep,0.0,1.0,1.0,166.0
christian_ancaps,conj,0.024096385542168752,1.10479797979798,0.7378371989423049,166.0
christian_ancaps,negate,0.01807228915662651,1.0902173913043478,0.8104566761225411,166.0
christian_ancaps,quant,0.0060240963855421326,1.0288695652173914,1.0,166.0
christian_ancaps,discrep,0.0542168674698795,1.3429752066115703,0.30663168037752064,166.0
christian_ancaps,tentat,0.09036144578313254,1.449134199134199,0.1199400305755691,166.0
christian_ancaps,certain,0.060240963855421686,1.4089677260408968,0.23961493553376717,166.0
christian_ancaps,differ,0.060240963855421714,1.2732510288065844,0.32290143090858797,166.0
christian_ancaps,Dic,0.0,nan,1.0,166.0
communism,pronoun,0.009302325581395321,1.0783242258652095,0.8909160429818022,215.0
communism,ppron,0.009302325581395321,1.0468409586056644,0.9148412920930691,215.0
communism,i,0.023255813953488358,1.099270477421738,0.6972478149661059,215.0
communism,we,0.05581395348837209,1.9750566893424035,0.0667009149305633,215.0
communism,you,0.018604651162790697,1.1014390186364709,0.7417724026286875,215.0
communism,shehe,0.013953488372093023,4.056872037914692,0.3720760114203869,215.0
communism,they,0.037209302325581395,1.365490862728432,0.32998828817913606,215.0
communism,ipron,0.06976744186046502,1.342211375212224,0.16588825196706009,215.0
communism,article,0.018604651162790642,1.088440970793912,0.7575848346418446,215.0
communism,prep,0.018604651162790753,1.1083396321491559,0.7338877486344992,215.0
communism,conj,0.05581395348837215,1.2718651211801897,0.2711748939758647,215.0
communism,negate,0.08837209302325583,1.505381665223308,0.06226124866478836,215.0
communism,quant,0.041860465116279055,1.230357142857143,0.39098119076448934,215.0
communism,discrep,0.05581395348837209,1.316953316953317,0.2392446438643356,215.0
communism,tentat,0.0046511627906976605,1.018859649122807,1.0,215.0
communism,certain,-0.0046511627906976605,0.9778988486842105,1.0,215.0
communism,differ,0.041860465116279166,1.184902054467272,0.437527187680826,215.0
communism,Dic,0.0,1.0,1.0,215.0
Conservative,pronoun,0.0,1.0,1.0,185.0
Conservative,ppron,0.032432432432432434,1.1700367647058822,0.5676009195262172,185.0
Conservative,i,0.06486486486486487,1.3854166666666667,0.2005060996470494,185.0
Conservative,we,0.05405405405405406,1.596774193548387,0.17066208306932862,185.0
Conservative,you,0.07567567567567568,1.4444063143445436,0.13693742744801607,185.0
Conservative,shehe,0.08648648648648649,2.2091503267973858,0.019560464946274135,185.0
Conservative,they,0.07027027027027027,1.8676046176046177,0.06486606252550264,185.0
Conservative,ipron,0.016216216216216273,1.0874704491725768,0.8132021326149061,185.0
Conservative,article,0.043243243243243246,1.218417945690673,0.43699672668950573,185.0
Conservative,prep,0.021621621621621623,1.183622828784119,0.6637229143653635,185.0
Conservative,conj,0.010810810810810811,1.046077210460772,0.9155101864382292,185.0
Conservative,negate,0.02702702702702703,1.133208525345622,0.6548233536284955,185.0
Conservative,quant,0.03783783783783784,1.1877627954182979,0.5061967511829846,185.0
Conservative,discrep,0.05945945945945946,1.283861068489329,0.2868877112452596,185.0
Conservative,tentat,0.05945945945945946,1.283861068489329,0.2868877112452596,185.0
Conservative,certain,0.016216216216216217,1.094387755102041,0.8064256588999996,185.0
Conservative,differ,0.021621621621621623,1.090486671557838,0.7549771107623078,185.0
Conservative,Dic,0.0,1.0,1.0,185.0
conservatives,pronoun,0.003072196620583778,1.0357751277683134,0.9253575305276807,651.0
conservatives,ppron,0.02457757296466978,1.1406161406161406,0.336300631729014,651.0
conservatives,i,0.049155145929339505,1.2848236259228876,0.052557437291671644,651.0
conservatives,we,0.04454685099846391,1.4767424242424243,0.0220427481532258,651.0
conservatives,you,0.07987711213517668,1.5294338442289646,0.0011385363393872257,651.0
conservatives,shehe,0.05837173579109062,1.7930879712746859,0.0012595823895792198,651.0
conservatives,they,0.047619047619047616,1.3732038834951457,0.03215231394232208,651.0
conservatives,ipron,0.018433179723502224,1.0933110367892978,0.5025256371032822,651.0
conservatives,article,0.027649769585253448,1.135678391959799,0.3123056726233937,651.0
conservatives,prep,0.019969278033794224,1.159920634920635,0.3649885993174298,651.0
conservatives,conj,0.02457757296466978,1.1143308746048473,0.38304969757173246,651.0
conservatives,negate,0.049155145929339505,1.2719298245614035,0.05752487812214731,651.0
conservatives,quant,0.047619047619047616,1.2190467920678165,0.09005548995982446,651.0
conservatives,discrep,0.029185867895545337,1.1455655980793673,0.2818563362092351,651.0
conservatives,tentat,0.024577572964669725,1.1034626616604089,0.40545771847719075,651.0
conservatives,certain,0.044546850998463894,1.2349975727248963,0.09135321047237187,651.0
conservatives,differ,0.02611367127496167,1.1108207161739967,0.37375953896794467,651.0
conservatives,Dic,0.0,1.0,1.0,651.0
CornbreadLiberals,pronoun,0.0,1.0,1.0,24.0
CornbreadLiberals,ppron,0.04166666666666674,1.1846153846153846,1.0,24.0
CornbreadLiberals,i,0.04166666666666666,1.2666666666666666,1.0,24.0
CornbreadLiberals,we,-0.04166666666666666,0.7142857142857143,1.0,24.0
CornbreadLiberals,you,0.0,1.0,1.0,24.0
CornbreadLiberals,shehe,0.0,nan,1.0,24.0
CornbreadLiberals,they,0.0,nan,1.0,24.0
CornbreadLiberals,ipron,-0.08333333333333333,0.45454545454545453,0.6661718621144651,24.0
CornbreadLiberals,article,0.0,1.0,1.0,24.0
CornbreadLiberals,prep,0.0,1.0,1.0,24.0
CornbreadLiberals,conj,-0.04166666666666667,0.6363636363636364,1.0,24.0
CornbreadLiberals,negate,0.0,1.0,1.0,24.0
CornbreadLiberals,quant,0.0,1.0,1.0,24.0
CornbreadLiberals,discrep,0.08333333333333333,inf,0.48936170212766067,24.0
CornbreadLiberals,tentat,0.08333333333333333,2.2,0.6661718621144651,24.0
CornbreadLiberals,certain,0.041666666666666664,inf,1.0,24.0
CornbreadLiberals,differ,0.125,inf,0.2340425531914897,24.0
CornbreadLiberals,Dic,0.0,1.0,1.0,24.0
DebateaCommunist,pronoun,0.0037453183520599342,1.0542682926829268,0.8512083904539146,801.0
DebateaCommunist,ppron,0.022471910112359494,1.154216403542549,0.2834714019549894,801.0
DebateaCommunist,i,0.07365792759051182,1.364818860438008,0.0029228666211662943,801.0
DebateaCommunist,we,0.046192259675405745,2.304273203362232,0.00016123788323861585,801.0
DebateaCommunist,you,0.066167290886392,1.3037673070730922,0.009318614260643402,801.0
DebateaCommunist,shehe,0.0449438202247191,2.6214574898785425,6.984610566754894e-05,801.0
DebateaCommunist,they,0.09363295880149816,1.593955153049118,3.828841139172732e-05,801.0
DebateaCommunist,ipron,0.024968789013732895,1.1542312506017136,0.25539580818557805,801.0
DebateaCommunist,article,0.031210986267166008,1.1779699428540957,0.16971321801251465,801.0
DebateaCommunist,prep,0.01872659176029967,1.1359162895927601,0.36171825627209475,801.0
DebateaCommunist,conj,0.02621722846441954,1.1401061144937072,0.26391132036081666,801.0
DebateaCommunist,negate,0.05368289637952556,1.2410084527541425,0.035391039190466794,801.0
DebateaCommunist,quant,0.05243445692883897,1.2396836705614136,0.03818237718313974,801.0
DebateaCommunist,discrep,0.08114856429463169,1.3892914021668423,0.0012975407658581475,801.0
DebateaCommunist,tentat,0.06367041198501866,1.292763157894737,0.012152934623841122,801.0
DebateaCommunist,certain,0.06991260923845194,1.349198935027325,0.004477958337924106,801.0
DebateaCommunist,differ,0.05493133583021226,1.2616364527192552,0.027180817235599446,801.0
DebateaCommunist,Dic,0.0,1.0,1.0,801.0
DebateCommunism,pronoun,0.0018115942028985588,1.0242424242424242,1.0,552.0
DebateCommunism,ppron,0.021739130434782705,1.1330227327496185,0.42766372834177935,552.0
DebateCommunism,i,0.030797101449275333,1.1395058424761395,0.32148669192958945,552.0
DebateCommunism,we,0.05434782608695652,1.9980713596914175,0.002017398658008101,552.0
DebateCommunism,you,0.03623188405797101,1.157204493998035,0.25109856991904067,552.0
DebateCommunism,shehe,0.03079710144927536,3.538961038961039,0.002916768172253998,552.0
DebateCommunism,they,0.07427536231884058,1.5973079968329376,0.0025729548230832705,552.0
DebateCommunism,ipron,0.007246376811594235,1.0422381635581062,0.8292327130487516,552.0
DebateCommunism,article,0.023550724637681153,1.1386666666666667,0.3965790572748664,552.0
DebateCommunism,prep,0.007246376811594124,1.0743259164506682,0.7765496684030014,552.0
DebateCommunism,conj,0.01449275362318847,1.0878491286703271,0.61169477547713,552.0
DebateCommunism,negate,0.016304347826086973,1.0700152207001523,0.6238039601803977,552.0
DebateCommunism,quant,0.05978260869565216,1.2740484429065744,0.052660797169891915,552.0
DebateCommunism,discrep,0.07427536231884058,1.3672833495618306,0.013553841274124064,552.0
DebateCommunism,tentat,0.04528985507246375,1.199445022545959,0.1478873875786848,552.0
DebateCommunism,certain,0.039855072463768126,1.1912410828175934,0.18552590335713906,552.0
DebateCommunism,differ,0.02898550724637683,1.140639182152582,0.3362272472935204,552.0
DebateCommunism,Dic,0.0,1.0,1.0,552.0
democrats,pronoun,0.01488833746898266,1.1001242236024844,0.6558499950530712,403.0
democrats,ppron,0.03970223325062028,1.196885496183206,0.2611534591451522,403.0
democrats,i,0.004962779156327535,1.036904761904762,0.9242047888329967,403.0
democrats,we,0.0347394540942928,1.5581717451523547,0.1033836592477389,403.0
democrats,you,0.03970223325062036,1.2873952576216794,0.18310918472249077,403.0
democrats,shehe,0.04714640198511165,1.6434453781512606,0.04053727884753616,403.0
democrats,they,0.06451612903225805,1.8984736751843594,0.005847433590095874,403.0
democrats,ipron,0.002481389578163795,1.009978952581404,1.0,403.0
democrats,article,0.027295285359801524,1.1154066437571593,0.48114181855995886,403.0
democrats,prep,0.017369727047146455,1.0795028605247583,0.6574476117987144,403.0
democrats,conj,0.0347394540942928,1.1491408934707903,0.35977305127280695,403.0
democrats,negate,0.022332506203473934,1.150074478649454,0.48101204721235147,403.0
democrats,quant,0.054590570719602965,1.368189368770764,0.07669615678380133,403.0
democrats,discrep,0.037220843672456594,1.3114213590232342,0.18386656114811117,403.0
democrats,tentat,0.027295285359801524,1.1462264150943395,0.43110037180916716,403.0
democrats,certain,0.027295285359801497,1.2111756859756098,0.3511641536650846,403.0
democrats,differ,0.05707196029776673,1.3026711076280042,0.09556183417362207,403.0
democrats,Dic,0.0,1.0,1.0,403.0
demsocialist,pronoun,0.005181347150259086,1.0420296167247387,1.0,193.0
demsocialist,ppron,0.010362694300518172,1.0486759142496846,0.913231214692319,193.0
demsocialist,i,0.03626943005181349,1.1916583912611718,0.5022166756907753,193.0
demsocialist,we,0.020725388601036274,1.6059654631083202,0.4699982675542166,193.0
demsocialist,you,0.05181347150259069,1.3572750833024805,0.26685945639491704,193.0
demsocialist,shehe,0.04663212435233162,1.6118351532229658,0.19515214471221995,193.0
demsocialist,they,0.04145077720207253,1.4305633017289459,0.2966561810561176,193.0
demsocialist,ipron,0.01036269430051806,1.0445830445830446,0.9168562734019046,193.0
demsocialist,article,0.010362694300518172,1.0467878787878788,0.9148820348375182,193.0
demsocialist,prep,0.01036269430051806,1.08997668997669,0.8834770330285636,193.0
demsocialist,conj,0.005181347150259086,1.0224653707368176,1.0,193.0
demsocialist,negate,0.031088082901554404,1.164957264957265,0.5730123052632476,193.0
demsocialist,quant,0.05699481865284972,1.3140532544378698,0.2657067773243903,193.0
demsocialist,discrep,0.010362694300518144,1.058751902587519,0.9049618461692859,193.0
demsocialist,tentat,0.015544041450777202,1.0677906568317528,0.8344112335813185,193.0
demsocialist,certain,0.020725388601036288,1.1295302013422819,0.7114897876633726,193.0
demsocialist,differ,0.025906735751295318,1.1094104308390023,0.6836672622782076,193.0
demsocialist,Dic,0.0,nan,1.0,193.0
futuristparty,pronoun,0.0,1.0,1.0,130.0
futuristparty,ppron,0.015384615384615441,1.0905607802159527,0.8830766204148903,130.0
futuristparty,i,0.05384615384615382,1.242537313432836,0.455201791239001,130.0
futuristparty,we,0.015384615384615385,1.1009708737864077,0.8769161212215568,130.0
futuristparty,you,0.0,1.0,1.0,130.0
futuristparty,shehe,0.06923076923076923,2.1607142857142856,0.10246983217820602,130.0
futuristparty,they,0.08461538461538462,1.8246828143021914,0.10041804015195316,130.0
futuristparty,ipron,0.03076923076923077,1.163265306122449,0.6802635519419087,130.0
futuristparty,article,0.007692307692307665,1.037037037037037,1.0,130.0
futuristparty,prep,-0.023076923076923106,0.8458498023715415,0.7388113362455934,130.0
futuristparty,conj,0.023076923076922995,1.1079734219269104,0.7938652287772847,130.0
futuristparty,negate,0.06923076923076923,1.4385307346326837,0.256545788498329,130.0
futuristparty,quant,0.038461538461538436,1.1664959016393444,0.6197911309510284,130.0
futuristparty,discrep,-0.0076923076923077205,0.969047619047619,1.0,130.0
futuristparty,tentat,0.0461538461538461,1.2055335968379446,0.5328458720827131,130.0
futuristparty,certain,0.0,1.0,1.0,130.0
futuristparty,differ,-0.007692307692307665,0.9691797060218112,1.0,130.0
futuristparty,Dic,0.0,nan,1.0,130.0
Green_Anarchism,pronoun,-0.008474576271186418,0.9243589743589744,1.0,118.0
Green_Anarchism,ppron,0.025423728813559365,1.1730205278592376,0.7446972625758113,118.0
Green_Anarchism,i,0.09322033898305088,1.4602836879432624,0.19012957155585067,118.0
Green_Anarchism,we,0.016949152542372878,1.2731481481481481,0.8070411059956895,118.0
Green_Anarchism,you,0.1016949152542373,1.5227021040974529,0.14602262356481238,118.0
Green_Anarchism,shehe,0.06779661016949151,1.597090449082859,0.23328687466194897,118.0
Green_Anarchism,they,0.05084745762711865,1.400679117147708,0.4035311720031684,118.0
Green_Anarchism,ipron,0.03389830508474578,1.1546020307893874,0.6877602063199679,118.0
Green_Anarchism,article,0.0423728813559322,1.196013289036545,0.5928050143379049,118.0
Green_Anarchism,prep,0.025423728813559254,1.1620879120879122,0.751997294228739,118.0
Green_Anarchism,conj,0.0423728813559322,1.2098150782361308,0.581255688207194,118.0
Green_Anarchism,negate,0.01694915254237289,1.0715151515151515,0.8954969512480875,118.0
Green_Anarchism,quant,0.0423728813559322,1.2044352044352045,0.5856858148419142,118.0
Green_Anarchism,discrep,0.0847457627118644,1.4491815759421394,0.22100184176239374,118.0
Green_Anarchism,tentat,0.008474576271186418,1.0346854791299236,1.0,118.0
Green_Anarchism,certain,0.050847457627118675,1.2386248736097067,0.504657673045235,118.0
Green_Anarchism,differ,0.09322033898305082,1.4754578754578755,0.18426211947575546,118.0
Green_Anarchism,Dic,0.0,nan,1.0,118.0
GreenParty,pronoun,0.008720930232558044,1.104368932038835,0.7972311355305028,344.0
GreenParty,ppron,0.014534883720930147,1.089471493965876,0.7112990037707572,344.0
GreenParty,i,0.034883720930232565,1.1628595100011836,0.3832676230706945,344.0
GreenParty,we,0.0319767441860465,1.3160708319411962,0.2647562255675357,344.0
GreenParty,you,0.04941860465116282,1.250879450879451,0.19446187980740554,344.0
GreenParty,shehe,0.046511627906976744,2.344078144078144,0.01599050727436575,344.0
GreenParty,they,0.05232558139534885,1.4807453416149068,0.07665403289042255,344.0
GreenParty,ipron,0.03197674418604646,1.1706657044921522,0.39760369549001895,344.0
GreenParty,article,0.01744186046511631,1.0857427716849453,0.6789687263056947,344.0
GreenParty,prep,0.0029069767441860517,1.0205299594175221,1.0,344.0
GreenParty,conj,0.02034883720930236,1.0988505747126436,0.6225799429217171,344.0
GreenParty,negate,0.0,1.0,1.0,344.0
GreenParty,quant,-0.005813953488372103,0.9765611692160937,0.9386295331935055,344.0
GreenParty,discrep,0.04069767441860467,1.1918037357122944,0.3036111094541377,344.0
GreenParty,tentat,0.017441860465116255,1.072840203274986,0.7019694813059689,344.0
GreenParty,certain,0.023255813953488358,1.1260997067448681,0.5466204940052499,344.0
GreenParty,differ,0.02034883720930236,1.0857366659545682,0.6456340585546003,344.0
GreenParty,Dic,0.0,1.0,1.0,344.0
labor,pronoun,-0.005586592178770999,0.9386145404663924,1.0,179.0
labor,ppron,0.011173184357541999,1.069111969111969,0.8972362529893294,179.0
labor,i,0.011173184357541888,1.0491758241758242,0.9127951307519603,179.0
labor,we,0.03910614525139665,1.6526041666666667,0.25926594503391776,179.0
labor,you,0.005586592178770944,1.0257183908045977,1.0,179.0
labor,shehe,0.022346368715083796,5.114942528735632,0.21479988077110698,179.0
labor,they,0.09497206703910616,1.5779677113010446,0.06444092177343763,179.0
labor,ipron,0.016759776536312887,1.082374597330879,0.8183952561991443,179.0
labor,article,0.0,1.0,1.0,179.0
labor,prep,0.005586592178770999,1.0484307359307359,1.0,179.0
labor,conj,0.005586592178770888,1.0273199023199022,1.0,179.0
labor,negate,0.06703910614525138,1.3808510638297873,0.20274549347034104,179.0
labor,quant,0.011173184357541888,1.046797385620915,0.9148689285905431,179.0
labor,discrep,0.07821229050279327,1.451857194374324,0.13421606563022356,179.0
labor,tentat,0.02793296089385472,1.1182610993657505,0.672472843610367,179.0
labor,certain,0.039106145251396635,1.2258878673156661,0.4697017836514494,179.0
labor,differ,0.011173184357541888,1.0460390946502058,0.9155420806625305,179.0
labor,Dic,0.0,1.0,1.0,179.0
leftcommunism,pronoun,0.01132075471698113,1.1025541795665634,0.7988482868156033,265.0
leftcommunism,ppron,0.01132075471698113,1.0535101299050953,0.852158789324266,265.0
leftcommunism,i,0.026415094339622636,1.1239973262032086,0.5836495170031115,265.0
leftcommunism,we,0.03018867924528302,1.949820788530466,0.15804590130324037,265.0
leftcommunism,you,0.04528301886792452,1.2920110192837466,0.2562942682125027,265.0
leftcommunism,shehe,0.06415094339622641,4.707818930041152,0.0011468595935067694,265.0
leftcommunism,they,0.049056603773584895,1.5670781893004115,0.1162531119083546,265.0
leftcommunism,ipron,0.03396226415094339,1.1693892045454546,0.45593523204935915,265.0
leftcommunism,article,0.037735849056603765,1.167785234899329,0.42817544146255715,265.0
leftcommunism,prep,-0.0037735849056603765,0.9795018564356436,1.0,265.0
leftcommunism,conj,0.04150943396226414,1.1921809071729959,0.37158579374083966,265.0
leftcommunism,negate,0.03396226415094339,1.1756906077348066,0.44832534491762244,265.0
leftcommunism,quant,0.037735849056603765,1.1793691620414242,0.41389187685209794,265.0
leftcommunism,discrep,0.08679245283018866,1.5711206896551724,0.02960801022051886,265.0
leftcommunism,tentat,0.04528301886792452,1.2010113780025284,0.3367514892783162,265.0
leftcommunism,certain,0.01132075471698113,1.0602637962401456,0.8434859592368422,265.0
leftcommunism,differ,0.07547169811320753,1.3538995726495726,0.09843510701454755,265.0
leftcommunism,Dic,0.0,1.0,1.0,265.0
Liberal,pronoun,0.00867052023121384,1.0988006853226728,0.8023321274940549,346.0
Liberal,ppron,-0.0028901734104046506,0.9817625975121231,1.0,346.0
Liberal,i,0.008670520231213896,1.0403075489282385,0.8710888599795386,346.0
Liberal,we,0.043352601156069356,1.5277608297742526,0.09736289937236972,346.0
Liberal,you,0.026011560693641578,1.1329519255400906,0.5054365756718537,346.0
Liberal,shehe,0.08092485549132948,2.0585664335664338,0.00236259803108987,346.0
Liberal,they,0.01734104046242775,1.2167240839336046,0.5233893587279441,346.0
Liberal,ipron,0.046242774566473965,1.222141968620842,0.2351842096295284,346.0
Liberal,article,0.005780346820809301,1.0256457769706853,0.9365942326932013,346.0
Liberal,prep,0.005780346820809301,1.0372864917290803,0.9238184942207308,346.0
Liberal,conj,0.023121387283237094,1.1026668150291161,0.5844025200201304,346.0
Liberal,negate,0.014450867052023114,1.08842772439174,0.7128437417877824,346.0
Liberal,quant,0.02890173410404623,1.1419196062346186,0.46363383581042594,346.0
Liberal,discrep,0.028901734104046284,1.158541055718475,0.440323890734561,346.0
Liberal,tentat,0.023121387283236983,1.0996507902221262,0.5897081969716448,346.0
Liberal,certain,0.04624277456647399,1.270035608019121,0.19518742452199714,346.0
Liberal,differ,0.014450867052023142,1.0595156185496077,0.7610576794428725,346.0
Liberal,Dic,0.0,1.0,1.0,346.0
Libertarian,pronoun,0.006557377049180357,1.0910991636798089,0.8828239797225275,305.0
Libertarian,ppron,-0.003278688524590234,0.9820683167734728,1.0,305.0
Libertarian,i,0.05573770491803276,1.2892285379595023,0.16695992194200077,305.0
Libertarian,we,0.019672131147540975,1.2882797731568998,0.46877650195544673,305.0
Libertarian,you,0.055737704918032815,1.2709552675585285,0.17932390478474072,305.0
Libertarian,shehe,0.013114754098360656,1.689265536723164,0.448393595185135,305.0
Libertarian,they,0.06229508196721312,1.5442336589030803,0.05497899101753638,305.0
Libertarian,ipron,0.022950819672131195,1.1324688217410188,0.5718751051488169,305.0
Libertarian,article,0.00983606557377048,1.0528138528138529,0.8530971656276024,305.0
Libertarian,prep,0.006557377049180246,1.0619792725055883,0.9025069485896702,305.0
Libertarian,conj,0.042622950819672156,1.2395046813651465,0.27584516910205364,305.0
Libertarian,negate,0.0360655737704918,1.1676745464540956,0.40140682135771577,305.0
Libertarian,quant,0.02295081967213114,1.0965189873417722,0.6264979774618011,305.0
Libertarian,discrep,0.0360655737704918,1.179478949339325,0.3865838390943025,305.0
Libertarian,tentat,0.0491803278688524,1.2181064073226544,0.25640621504796274,305.0
Libertarian,certain,0.022950819672131195,1.1058187946074545,0.6111473756790333,305.0
Libertarian,differ,0.02950819672131144,1.133200698757764,0.5050283526088577,305.0
Libertarian,Dic,0.0,nan,1.0,305.0
LibertarianDebates,pronoun,0.007751937984496138,1.159478021978022,0.7540293775699161,387.0
LibertarianDebates,ppron,0.023255813953488413,1.1615491651205936,0.46587583177184455,387.0
LibertarianDebates,i,0.03359173126614989,1.1442828873784736,0.38770231144659306,387.0
LibertarianDebates,we,0.08785529715762275,2.028611632270169,0.0008346667098389803,387.0
LibertarianDebates,you,0.038759689922480633,1.1681049461369164,0.3137901280268305,387.0
LibertarianDebates,shehe,0.023255813953488372,2.8675603217158177,0.060367646161026425,387.0
LibertarianDebates,they,0.0852713178294574,1.5027952755905511,0.0120720554268693,387.0
LibertarianDebates,ipron,0.015503875968992276,1.0938788711894558,0.6656063591378554,387.0
LibertarianDebates,article,0.018087855297157618,1.143038175194044,0.5579579509140009,387.0
LibertarianDebates,prep,0.01033591731266148,1.134025974025974,0.7071802339153079,387.0
LibertarianDebates,conj,0.03359173126614989,1.215876421368805,0.2984836239159081,387.0
LibertarianDebates,negate,0.038759689922480633,1.1681877444589308,0.3136800335781767,387.0
LibertarianDebates,quant,0.046511627906976716,1.2057416267942584,0.22051640977243597,387.0
LibertarianDebates,discrep,0.07493540051679581,1.3511576971214017,0.043828395630133986,387.0
LibertarianDebates,tentat,0.05167958656330751,1.2416333666333665,0.1624172444002316,387.0
LibertarianDebates,certain,0.01550387596899222,1.0640834575260805,0.7190875088463782,387.0
LibertarianDebates,differ,0.05167958656330751,1.2737884683409975,0.1397128597828881,387.0
LibertarianDebates,Dic,0.0,nan,1.0,387.0
LibertarianLeft,pronoun,0.009345794392523366,1.1114583333333334,1.0,107.0
LibertarianLeft,ppron,0.03738317757009346,1.2137862137862139,0.6410487768574886,107.0
LibertarianLeft,i,0.05607476635514019,1.2547619047619047,0.4920385543751435,107.0
LibertarianLeft,we,0.009345794392523362,1.3462783171521036,1.0,107.0
LibertarianLeft,you,0.01869158878504673,1.093286835222319,0.881396236384963,107.0
LibertarianLeft,shehe,0.05607476635514018,4.242424242424242,0.10112501690384898,107.0
LibertarianLeft,they,0.028037383177570083,1.313782991202346,0.6710919501980708,107.0
LibertarianLeft,ipron,0.03738317757009346,1.2038095238095239,0.648199230635051,107.0
LibertarianLeft,article,0.0,1.0,1.0,107.0
LibertarianLeft,prep,0.0,1.0,1.0,107.0
LibertarianLeft,conj,0.028037383177570097,1.1203148425787106,0.7832683529909079,107.0
LibertarianLeft,negate,0.009345794392523366,1.054369918699187,1.0,107.0
LibertarianLeft,quant,0.0,1.0,1.0,107.0
LibertarianLeft,discrep,0.0747663551401869,1.5053128689492326,0.2644587096476868,107.0
LibertarianLeft,tentat,0.028037383177570097,1.1223789553945864,0.7815712839378033,107.0
LibertarianLeft,certain,0.028037383177570097,1.1445945945945946,0.764353048606928,107.0
LibertarianLeft,differ,0.00934579439252331,1.0380918476326095,1.0,107.0
LibertarianLeft,Dic,0.0,1.0,1.0,107.0
libertarianmeme,pronoun,0.0,1.0,1.0,272.0
libertarianmeme,ppron,0.03308823529411764,1.2009852216748769,0.42005672446590436,272.0
libertarianmeme,i,0.04411764705882354,1.2091771340681876,0.32801403507747884,272.0
libertarianmeme,we,0.018382352941176475,1.3386454183266931,0.4962535991990876,272.0
libertarianmeme,you,0.04044117647058826,1.1782013103037523,0.388093760471253,272.0
libertarianmeme,shehe,0.03308823529411765,4.138461538461539,0.03272904447552844,272.0
libertarianmeme,they,0.07352941176470587,1.5944055944055944,0.040807802853115055,272.0
libertarianmeme,ipron,0.011029411764705843,1.0570310315907185,0.8475673941629518,272.0
libertarianmeme,article,0.007352941176470562,1.0352880124545927,0.9258351938907883,272.0
libertarianmeme,prep,0.003676470588235281,1.0294372294372294,1.0,272.0
libertarianmeme,conj,0.018382352941176516,1.0968660968660968,0.7006378432572643,272.0
libertarianmeme,negate,0.06617647058823534,1.3369812099938054,0.12710384847424813,272.0
libertarianmeme,quant,0.03676470588235292,1.172239108409321,0.42259099777560116,272.0
libertarianmeme,discrep,0.0845588235294118,1.4690358374568901,0.04454807172960389,272.0
libertarianmeme,tentat,0.03676470588235292,1.1585820895522387,0.44018434045329713,272.0
libertarianmeme,certain,0.007352941176470562,1.0313997113997113,0.9299572874882369,272.0
libertarianmeme,differ,0.018382352941176516,1.0770975056689343,0.7303571458085507,272.0
libertarianmeme,Dic,0.0,nan,1.0,272.0
LibertarianSocialism,pronoun,0.005076142131979711,1.096805896805897,1.0,197.0
LibertarianSocialism,ppron,0.005076142131979711,1.0431733508656587,1.0,197.0
LibertarianSocialism,i,0.030456852791878153,1.1311875693673696,0.6124395129796602,197.0
LibertarianSocialism,we,0.07106598984771573,2.0944444444444446,0.03662128097488235,197.0
LibertarianSocialism,you,0.055837563451776595,1.2614623552123552,0.3044772741940007,197.0
LibertarianSocialism,shehe,0.03553299492385788,1.9471153846153846,0.19641364383604876,197.0
LibertarianSocialism,they,0.05583756345177665,1.463034188034188,0.18969799074886498,197.0
LibertarianSocialism,ipron,0.025380710659898442,1.2145034843205575,0.5777387226347672,197.0
LibertarianSocialism,article,0.0,1.0,1.0,197.0
LibertarianSocialism,prep,0.0,1.0,1.0,197.0
LibertarianSocialism,conj,0.015228426395939132,1.111236589497459,0.7910935404459094,197.0
LibertarianSocialism,negate,0.040609137055837574,1.1827458256029684,0.47360529161082743,197.0
LibertarianSocialism,quant,0.03553299492385781,1.1529503105590062,0.5453464499577466,197.0
LibertarianSocialism,discrep,0.0862944162436548,1.4153025793650793,0.10616161869702201,197.0
LibertarianSocialism,tentat,0.0050761421319796,1.0216008771929825,1.0,197.0
LibertarianSocialism,certain,0.04060913705583752,1.1796216093002052,0.4770988511145464,197.0
LibertarianSocialism,differ,0.030456852791878153,1.165546218487395,0.5723886468113074,197.0
LibertarianSocialism,Dic,0.0,1.0,1.0,197.0
moderatepolitics,pronoun,0.0,1.0,1.0,485.0
moderatepolitics,ppron,0.008247422680412342,1.0768012668250198,0.7730870727736541,485.0
moderatepolitics,i,0.061855670103092786,1.2824365245748894,0.06197320461336002,485.0
moderatepolitics,we,0.07422680412371134,2.0001145606598696,0.0006539034617248679,485.0
moderatepolitics,you,0.03298969072164948,1.1415180362548785,0.3347864306551548,485.0
moderatepolitics,shehe,0.088659793814433,2.1027390016920475,0.00010744662817327016,485.0
moderatepolitics,they,0.0865979381443299,1.6209230018898981,0.0019284263242403173,485.0
moderatepolitics,ipron,0.02268041237113405,1.139612173867532,0.4410632494011839,485.0
moderatepolitics,article,0.01855670103092788,1.1105539092774106,0.5416102054940211,485.0
moderatepolitics,prep,0.008247422680412342,1.0623633791950624,0.7942743580758274,485.0
moderatepolitics,conj,0.028865979381443307,1.1603305785123967,0.34363744235373717,485.0
moderatepolitics,negate,0.08041237113402061,1.414502662546841,0.01135954867167891,485.0
moderatepolitics,quant,0.055670103092783474,1.249942739349519,0.09480617966506447,485.0
moderatepolitics,discrep,0.08247422680412375,1.4231557824019543,0.009658778915740594,485.0
moderatepolitics,tentat,0.053608247422680444,1.2443135583368854,0.1051764429946139,485.0
moderatepolitics,certain,0.02474226804123708,1.1046273325423364,0.4788257012689269,485.0
moderatepolitics,differ,0.03298969072164948,1.1616060643925195,0.30489717159363344,485.0
moderatepolitics,Dic,0.0,1.0,1.0,485.0
monarchism,pronoun,0.012499999999999956,1.1200768491834774,0.6704174481854224,400.0
monarchism,ppron,0.02749999999999997,1.163507989594946,0.4069655687436487,400.0
monarchism,i,0.05499999999999999,1.247191011235955,0.13691868043410504,400.0
monarchism,we,0.0775,2.1834319526627217,0.0008587260918757273,400.0
monarchism,you,0.09250000000000003,1.5189340813464236,0.006896181967327251,400.0
monarchism,shehe,0.08749999999999998,2.2440021325750843,0.00029862630207787744,400.0
monarchism,they,0.065,1.5177993527508091,0.02548080337677066,400.0
monarchism,ipron,0.022500000000000075,1.1198801198801198,0.5259095488845962,400.0
monarchism,article,0.020000000000000018,1.1205954399849256,0.5550263250906822,400.0
monarchism,prep,0.02499999999999991,1.2576489533011272,0.33600714613186616,400.0
monarchism,conj,0.02749999999999997,1.1532567049808429,0.42098395535309147,400.0
monarchism,negate,0.04249999999999998,1.2099932061021554,0.2311176176483697,400.0
monarchism,quant,0.040000000000000036,1.174182837547288,0.2881079385016036,400.0
monarchism,discrep,0.06,1.281954887218045,0.09819097183826173,400.0
monarchism,tentat,0.025000000000000022,1.1062022090059473,0.5226629310730088,400.0
monarchism,certain,0.03749999999999998,1.1702127659574468,0.3110174216418665,400.0
monarchism,differ,0.03249999999999997,1.1449194582241793,0.38673684525220553,400.0
monarchism,Dic,0.0,1.0,1.0,400.0
NeutralPolitics,pronoun,0.010101010101010166,1.1375,0.8579388658427369,198.0
NeutralPolitics,ppron,0.045454545454545414,1.2632978723404256,0.36247140908471365,198.0
NeutralPolitics,i,0.08585858585858586,1.4380530973451326,0.09853494661056936,198.0
NeutralPolitics,we,0.095959595959596,1.7808219178082192,0.027217909808808203,198.0
NeutralPolitics,you,0.06060606060606061,1.340987370838117,0.22443827196701066,198.0
NeutralPolitics,shehe,0.07575757575757575,3.1214285714285714,0.007888283375898055,198.0
NeutralPolitics,they,0.0505050505050505,1.3781512605042017,0.25537305526696474,198.0
NeutralPolitics,ipron,0.02020202020202022,1.156738571145854,0.6860577127258939,198.0
NeutralPolitics,article,0.005050505050505083,1.0294117647058822,1.0,198.0
NeutralPolitics,prep,-0.005050505050504972,0.9559804357492219,1.0,198.0
NeutralPolitics,conj,0.03535353535353536,1.221476510067114,0.4736942521466809,198.0
NeutralPolitics,negate,0.0505050505050505,1.2459016393442623,0.3456793428895981,198.0
NeutralPolitics,quant,0.015151515151515194,1.0630841121495327,0.8399977461925257,198.0
NeutralPolitics,discrep,0.06565656565656569,1.356312292358804,0.19437595662883195,198.0
NeutralPolitics,tentat,0.04040404040404044,1.18452935694315,0.4716364340182978,198.0
NeutralPolitics,certain,0.015151515151515138,1.064327485380117,0.8385002899808283,198.0
NeutralPolitics,differ,0.015151515151515138,1.0708492366412214,0.8309039932987676,198.0
NeutralPolitics,Dic,0.0,nan,1.0,198.0
new_right,pronoun,0.0,1.0,1.0,168.0
new_right,ppron,0.04166666666666674,1.1823255813953488,0.5118475817920296,168.0
new_right,i,0.05952380952380952,1.6361226808027263,0.16007344266059384,168.0
new_right,we,0.03571428571428571,1.8181818181818181,0.2699087838783733,168.0
new_right,you,0.04166666666666666,1.6112266112266111,0.27122471201939685,168.0
new_right,shehe,0.04761904761904762,2.734193548387097,0.0873790092807732,168.0
new_right,they,0.08928571428571427,2.3846153846153846,0.018756564301603645,168.0
new_right,ipron,0.059523809523809534,1.273571079628725,0.3226619146430629,168.0
new_right,article,0.047619047619047616,1.2101313320825515,0.4449292660903022,168.0
new_right,prep,0.0357142857142857,1.1820480404551201,0.5552773883203711,168.0
new_right,conj,-0.011904761904761918,0.953469048608226,0.9131132766742516,168.0
new_right,negate,0.0,1.0,1.0,168.0
new_right,quant,0.041666666666666685,1.2168141592920354,0.4778353767125208,168.0
new_right,discrep,0.035714285714285754,1.2065573770491804,0.5320783586578096,168.0
new_right,tentat,0.01785714285714285,1.0849056603773586,0.8157803948232747,168.0
new_right,certain,0.059523809523809534,1.5223880597014925,0.19358206316953963,168.0
new_right,differ,-0.02976190476190471,0.8649951783992286,0.6302487003260115,168.0
new_right,Dic,0.0,1.0,1.0,168.0
Objectivism,pronoun,0.01446280991735538,1.1483232641625076,0.5513058040427893,484.0
Objectivism,ppron,0.010330578512396715,1.0544089212644454,0.7709847919854573,484.0
Objectivism,i,0.04338842975206614,1.20904117477685,0.17892605602266726,484.0
Objectivism,we,0.04545454545454545,1.906598552575564,0.01166580503590417,484.0
Objectivism,you,0.039256198347107474,1.1953105088777505,0.21762183605543536,484.0
Objectivism,shehe,0.049586776859504134,2.2054794520547945,0.003543801544253859,484.0
Objectivism,they,0.047520661157024774,1.3421230561189994,0.07886589519642906,484.0
Objectivism,ipron,0.018595041322314043,1.094069882952533,0.5719025253399815,484.0
Objectivism,article,0.016528925619834767,1.086082703423744,0.6151312179883629,484.0
Objectivism,prep,0.0020661157024792765,1.0136839129205542,1.0,484.0
Objectivism,conj,0.03305785123966942,1.1581053491220907,0.3098088505769957,484.0
Objectivism,negate,0.04545454545454547,1.2684008872756605,0.12294043436137429,484.0
Objectivism,quant,0.02479338842975204,1.1224928819993674,0.44542271245096027,484.0
Objectivism,discrep,0.06818181818181818,1.372829131652661,0.026743971486781634,484.0
Objectivism,tentat,0.03305785123966942,1.1416861826697893,0.33451754909454545,484.0
Objectivism,certain,0.04545454545454547,1.2259762308998303,0.1531882162486186,484.0
Objectivism,differ,0.07024793388429751,1.3250632111251581,0.03383963106902382,484.0
Objectivism,Dic,0.0,1.0,1.0,484.0
paleoconservative,pronoun,0.0,1.0,1.0,32.0
paleoconservative,ppron,0.0625,1.4444444444444444,0.7632677690957272,32.0
paleoconservative,i,0.03125,1.1616161616161615,1.0,32.0
paleoconservative,we,0.0,1.0,1.0,32.0
paleoconservative,you,0.09375,1.4705882352941178,0.6131416753492662,32.0
paleoconservative,shehe,0.03125,2.066666666666667,1.0,32.0
paleoconservative,they,0.0,nan,1.0,32.0
paleoconservative,ipron,0.03125,1.1523809523809523,1.0,32.0
paleoconservative,article,0.0625,1.2895927601809956,0.8013430224766531,32.0
paleoconservative,prep,0.0,1.0,1.0,32.0
paleoconservative,conj,-0.0625,0.7655677655677655,0.7965984897503042,32.0
paleoconservative,negate,0.09375,1.6233766233766234,0.5722313004493385,32.0
paleoconservative,quant,0.0,1.0,1.0,32.0
paleoconservative,discrep,0.0625,1.3975155279503106,0.7735342178849461,32.0
paleoconservative,tentat,-0.03125,0.8608695652173913,1.0,32.0
paleoconservative,certain,-0.09375,0.5555555555555556,0.5356406239954676,32.0
paleoconservative,differ,0.09375,1.6233766233766234,0.5722313004493385,32.0
paleoconservative,Dic,0.0,1.0,1.0,32.0
PirateParty,pronoun,0.0,nan,1.0,3.0
PirateParty,ppron,0.0,1.0,1.0,3.0
PirateParty,i,0.0,nan,1.0,3.0
PirateParty,we,0.0,nan,1.0,3.0
PirateParty,you,0.0,nan,1.0,3.0
PirateParty,shehe,0.0,nan,1.0,3.0
PirateParty,they,0.0,nan,1.0,3.0
PirateParty,ipron,0.0,1.0,1.0,3.0
PirateParty,article,0.0,nan,1.0,3.0
PirateParty,prep,0.0,nan,1.0,3.0
PirateParty,conj,0.0,nan,1.0,3.0
PirateParty,negate,0.0,nan,1.0,3.0
PirateParty,quant,0.0,nan,1.0,3.0
PirateParty,discrep,0.0,nan,1.0,3.0
PirateParty,tentat,0.0,nan,1.0,3.0
PirateParty,certain,0.0,nan,1.0,3.0
PirateParty,differ,0.0,nan,1.0,3.0
PirateParty,Dic,0.0,nan,1.0,3.0
progressive,pronoun,0.006651884700665134,1.054348262703354,0.8510828603124028,451.0
progressive,ppron,0.024390243902439046,1.1204857316332726,0.4721994660446538,451.0
progressive,i,0.03325942350332592,1.198573441352589,0.2769413840328985,451.0
progressive,we,0.024390243902439025,1.6531068983675619,0.13331473430896634,451.0
progressive,you,0.031042128603104235,1.1611289746337978,0.3425059026767553,451.0
progressive,shehe,0.0532150776053215,1.7501039501039501,0.013532009086608832,451.0
progressive,they,0.03547671840354768,1.829997699562917,0.04091831194376523,451.0
progressive,ipron,0.039911308203991136,1.1863379699765872,0.24166808808824677,451.0
progressive,article,0.03547671840354771,1.1592022238891586,0.3082357359025074,451.0
progressive,prep,0.0177383592017738,1.1030268418046831,0.5838238422005326,451.0
progressive,conj,0.024390243902439046,1.1045764033811842,0.5014098411962473,451.0
progressive,negate,0.055432372505543226,1.3263103059068677,0.07154464986630002,451.0
progressive,quant,0.03325942350332595,1.1802846178445794,0.2982548758313093,451.0
progressive,discrep,0.05764966740576494,1.3954005934718101,0.04568979969266193,451.0
progressive,tentat,0.0088691796008869,1.0387706855791963,0.8361375446042765,451.0
progressive,certain,0.07982261640798224,1.5839447561501943,0.0052638192466100825,451.0
progressive,differ,0.046563192904656325,1.2107992610563334,0.17725027845825447,451.0
progressive,Dic,0.0,1.0,1.0,451.0
Republican,pronoun,0.0,1.0,1.0,253.0
Republican,ppron,-0.0039525691699604515,0.9768844221105528,1.0,253.0
Republican,i,0.06324110671936756,1.3620751341681574,0.14094251527538187,253.0
Republican,we,0.03557312252964426,1.3764880952380953,0.28778119962270976,253.0
Republican,you,0.07905138339920947,1.588235294117647,0.04159700655808192,253.0
Republican,shehe,0.09090909090909091,1.7975603070175439,0.013421025602142124,253.0
Republican,they,0.07509881422924902,1.5558510638297873,0.05284565343951267,253.0
Republican,ipron,0.015810276679841917,1.0794099183929693,0.769452722251625,253.0
Republican,article,0.011857707509881354,1.061903596770247,0.8414598436224638,253.0
Republican,prep,0.0039525691699604515,1.0304562417238474,1.0,253.0
Republican,conj,-0.0039525691699604515,0.9825865510358593,1.0,253.0
Republican,negate,0.035573122529644285,1.1796449704142011,0.44365230394937705,253.0
Republican,quant,0.03557312252964423,1.1556603773584906,0.473384908459067,253.0
Republican,discrep,0.027667984189723327,1.1280271813778646,0.5779460504456406,253.0
Republican,tentat,0.03952569169960474,1.1732164863754622,0.4213493616747819,253.0
Republican,certain,0.05138339920948615,1.2837546372185316,0.23992843066417296,253.0
Republican,differ,0.01976284584980237,1.0840419877757108,0.7194135845243792,253.0
Republican,Dic,0.0,nan,1.0,253.0
republicans,pronoun,0.018372703412073532,1.1704371165644172,0.5251118378810742,381.0
republicans,ppron,0.023622047244094446,1.1216129947510285,0.5230921472890095,381.0
republicans,i,0.023622047244094502,1.1467893835616438,0.4855072157074034,381.0
republicans,we,0.015748031496062992,1.337965700768776,0.43776892296580916,381.0
republicans,you,0.055118110236220486,1.3156960227272727,0.10630388775652352,381.0
republicans,shehe,0.07086614173228346,1.9711129991503824,0.0038245018366589436,381.0
republicans,they,0.023622047244094488,1.3065164923572004,0.33064643325463056,381.0
republicans,ipron,0.034120734908136385,1.1551691729323308,0.371554623428347,381.0
republicans,article,0.023622047244094557,1.112903756873333,0.5375258129731688,381.0
republicans,prep,0.013123359580052507,1.0685868586858687,0.7446514762755811,381.0
republicans,conj,0.023622047244094557,1.101947376244983,0.5569338982623319,381.0
republicans,negate,0.02099737532808399,1.1312322397313355,0.5390813011299287,381.0
republicans,quant,0.06299212598425197,1.3285662953647144,0.0770436279752327,381.0
republicans,discrep,0.026246719160105014,1.1443181818181818,0.46015629698998195,381.0
republicans,tentat,0.060367454068241455,1.2894276183241404,0.10214939256079487,381.0
republicans,certain,0.026246719160105014,1.131343077771649,0.47973394794809054,381.0
republicans,differ,0.03412073490813644,1.1484178353110392,0.38143241019670593,381.0
republicans,Dic,0.0,1.0,1.0,381.0
SocialDemocracy,pronoun,0.00836120401337792,1.0816716744059,0.7231765677674475,598.0
SocialDemocracy,ppron,0.030100334448160626,1.167613946028434,0.26488331153009914,598.0
SocialDemocracy,i,0.07190635451505017,1.4287381619314392,0.006893805282035308,598.0
SocialDemocracy,we,0.05351170568561873,2.7523809523809524,0.00013172246080044996,598.0
SocialDemocracy,you,0.051839464882943165,1.2719697191983803,0.06180996554032594,598.0
SocialDemocracy,shehe,0.0819397993311037,1.944007731958763,8.551005620082916e-05,598.0
SocialDemocracy,they,0.08862876254180603,2.073499525809511,1.8638174450234118e-05,598.0
SocialDemocracy,ipron,0.0317725752508361,1.151736111111111,0.27254081638929434,598.0
SocialDemocracy,article,0.00836120401337792,1.046688110927204,0.7870455428337098,598.0
SocialDemocracy,prep,0.010033444816053505,1.0686409550045914,0.7100576935334717,598.0
SocialDemocracy,conj,0.02006688963210701,1.0961762695508825,0.4963187618747935,598.0
SocialDemocracy,negate,0.0936454849498328,1.6252427184466018,0.00030207223220373326,598.0
SocialDemocracy,quant,0.06354515050167225,1.3149156723347053,0.02645990014164621,598.0
SocialDemocracy,discrep,0.068561872909699,1.3572386058981234,0.014709387787932095,598.0
SocialDemocracy,tentat,0.06688963210702342,1.310887563197775,0.023356778213394325,598.0
SocialDemocracy,certain,0.048494983277591996,1.253968718879972,0.08044247935578097,598.0
SocialDemocracy,differ,0.07023411371237454,1.3256953900019453,0.01759141389255109,598.0
SocialDemocracy,Dic,0.0,1.0,1.0,598.0
socialism,pronoun,-0.010101010101010055,0.90625,1.0,99.0
socialism,ppron,-0.02020202020202022,0.9051724137931034,0.8747206440885466,99.0
socialism,i,-0.02020202020202022,0.9142857142857143,0.8811051381526636,99.0
socialism,we,0.010101010101010097,1.1793478260869565,1.0,99.0
socialism,you,0.030303030303030304,1.2946428571428572,0.6793732759004084,99.0
socialism,shehe,0.06060606060606061,4.263736263736264,0.10045546506439595,99.0
socialism,they,0.06060606060606061,1.6585365853658536,0.30786265749417235,99.0
socialism,ipron,0.010101010101010166,1.0416666666666667,1.0,99.0
socialism,article,-0.030303030303030387,0.8778782894736842,0.7684093528313917,99.0
socialism,prep,-0.010101010101010166,0.9537166900420757,1.0,99.0
socialism,conj,0.010101010101010055,1.0443548387096775,1.0,99.0
socialism,negate,0.01010101010101011,1.0718954248366013,1.0,99.0
socialism,quant,0.030303030303030276,1.1391100702576114,0.7684093528313917,99.0
socialism,discrep,0.020202020202020166,1.1072589382448537,0.8733286512451668,99.0
socialism,tentat,0.030303030303030276,1.1375,0.7696282509744443,99.0
socialism,certain,0.09090909090909088,1.5625,0.20904083770147486,99.0
socialism,differ,-0.01010101010101011,0.9601449275362319,1.0,99.0
socialism,Dic,0.0,nan,1.0,99.0
Trueobjectivism,pronoun,0.0,1.0,1.0,144.0
Trueobjectivism,ppron,0.00694444444444442,1.0521739130434782,1.0,144.0
Trueobjectivism,i,0.02083333333333337,1.0897382633984212,0.8109029411972177,144.0
Trueobjectivism,we,0.027777777777777776,1.4885496183206106,0.5065820221193753,144.0
Trueobjectivism,you,0.08333333333333331,1.4515286124902012,0.17114622518485834,144.0
Trueobjectivism,shehe,0.07638888888888888,2.090909090909091,0.07013905816161539,144.0
Trueobjectivism,they,0.03472222222222224,1.347155255544841,0.49131516771055933,144.0
Trueobjectivism,ipron,0.00694444444444442,1.0562060889929743,1.0,144.0
Trueobjectivism,article,0.01388888888888895,1.0818181818181818,0.8885883052205195,144.0
Trueobjectivism,prep,0.0,1.0,1.0,144.0
Trueobjectivism,conj,-0.02083333333333337,0.889795918367347,0.7804534249931254,144.0
Trueobjectivism,negate,0.08333333333333337,1.463146609488073,0.16668933359372676,144.0
Trueobjectivism,quant,0.0625,1.2857142857142858,0.34485347013158807,144.0
Trueobjectivism,discrep,0.1111111111111111,1.6,0.06959405409653235,144.0
Trueobjectivism,tentat,0.02777777777777779,1.1269001982815599,0.7140491670405286,144.0
Trueobjectivism,certain,0.0625,1.291497975708502,0.34060922883309436,144.0
Trueobjectivism,differ,0.03472222222222221,1.1722488038277512,0.6143315218626296,144.0
Trueobjectivism,Dic,0.0,nan,1.0,144.0
voluntarism,pronoun,0.0,1.0,1.0,3.0
voluntarism,ppron,-0.3333333333333333,0.25,1.0,3.0
voluntarism,i,0.0,nan,1.0,3.0
voluntarism,we,0.0,nan,1.0,3.0
voluntarism,you,0.0,nan,1.0,3.0
voluntarism,shehe,-0.3333333333333333,0.25,1.0,3.0
voluntarism,they,0.0,nan,1.0,3.0
voluntarism,ipron,0.3333333333333333,inf,1.0,3.0
voluntarism,article,0.0,1.0,1.0,3.0
voluntarism,prep,0.0,1.0,1.0,3.0
voluntarism,conj,0.0,1.0,1.0,3.0
voluntarism,negate,0.0,nan,1.0,3.0
voluntarism,quant,0.0,1.0,1.0,3.0
voluntarism,discrep,0.0,nan,1.0,3.0
voluntarism,tentat,0.0,nan,1.0,3.0
voluntarism,certain,0.0,nan,1.0,3.0
voluntarism,differ,-0.3333333333333333,0.0,1.0,3.0
voluntarism,Dic,0.0,nan,1.0,3.0
